{"stat.walkOneCm":4266,"stat.useItem.minecraft.sticky_piston":12,"stat.useItem.botania.twigWand":32,"stat.useItem.minecraft.lever":2,"stat.useItem.minecraft.repeater":3,"stat.leaveGame":2,"stat.useItem.minecraft.comparator":6,"stat.useItem.minecraft.tnt":4,"stat.furnaceInteraction":2,"stat.useItem.botania.spark":25,"ftbl.stat.last_seen":{"value":0,"progress":1480421919990},"stat.jump":40,"stat.useItem.minecraft.redstone_block":10,"stat.useItem.minecraft.redstone":31,"stat.craftItem.botania.lens":1,"stat.useItem.botania.specialFlower":4,"stat.useItem.botania.pool":26,"stat.crouchOneCm":518,"stat.useItem.minecraft.stained_hardened_clay":154,"stat.useItem.minecraft.obsidian":2,"stat.useItem.minecraft.dirt":4,"stat.useItem.botania.overgrowthSeed":4,"stat.useItem.minecraft.redstone_ore":4,"achievement.exploreAllBiomes":{"value":0,"progress":["Desert"]},"stat.useItem.minecraft.water_bucket":4,"stat.craftingTableInteraction":1,"stat.useItem.botania.spreader":4,"stat.useItem.minecraft.glass":15,"achievement.openInventory":32,"stat.useItem.minecraft.furnace":3,"ftbl.stat.first_joined":{"value":0,"progress":1480421650121},"stat.useItem.botania.hourglass":1,"stat.useItem.minecraft.slime":11,"stat.flyOneCm":38930,"stat.playOneMinute":17207,"stat.sneakTime":1162,"stat.timeSinceDeath":17207,"stat.useItem.minecraft.sign":8,"stat.useItem.minecraft.crafting_table":3,"stat.diveOneCm":172}