{"stat.flyOneCm":46264,"stat.walkOneCm":16385,"stat.jump":101,"stat.playOneMinute":25953,"stat.pickup.minecraft.coal":128,"stat.useItem.botania.twigWand":116,"achievement.openInventory":31,"stat.leaveGame":1,"stat.sneakTime":321,"stat.useItem.minecraft.tnt":8,"stat.furnaceInteraction":4,"stat.pickup.botania.specialFlower":1,"stat.timeSinceDeath":25953,"stat.useItem.botania.floatingSpecialFlower":4,"stat.useItem.minecraft.furnace":2,"stat.sprintOneCm":3507,"achievement.exploreAllBiomes":{"value":0,"progress":["Desert"]},"stat.diveOneCm":1248,"stat.useItem.minecraft.sandstone":4}